pair_id,step_label_A,step_label_B,feature,tv
0,2019-06,2019-10,cardtype_51L,0.011205021489920234
0,2019-06,2019-10,credtype_322L,0.020211063039625263
0,2019-06,2019-10,disbursementtype_67L,0.020054155381082933
0,2019-06,2019-10,equalitydataagreement_891L,0.007532998000273805
0,2019-06,2019-10,inittransactioncode_186L,0.019716228897983225
0,2019-06,2019-10,lastapprcommoditycat_1041M,0.016232104381108135
0,2019-06,2019-10,lastrejectcommoditycat_161M,0.007773487998269272
0,2019-06,2019-10,lastrejectreason_759M,0.09460969157521346
0,2019-06,2019-10,lastrejectreasonclient_4145040M,0.10637300969991002
0,2019-06,2019-10,lastst_736L,0.01739484676084808
0,2019-06,2019-10,opencred_647L,0.017022751629681462
0,2019-06,2019-10,twobodfilling_608L,0.00166066824844114
0,2019-06,2019-10,description_5085714M,0.05754979495355858
0,2019-06,2019-10,education_1103M,0.05754979495355863
0,2019-06,2019-10,education_88M,0.05754979495355856
0,2019-06,2019-10,maritalst_385M,0.07063595357503494
0,2019-06,2019-10,maritalst_893M,0.05754979495355853
0,2019-06,2019-10,requesttype_4525192L,0.36789062313643484
0,2019-06,2019-10,applprev_1_max_credacc_status_367L,0.016627579215705783
0,2019-06,2019-10,applprev_1_min_credacc_status_367L,0.016674271635411783
0,2019-06,2019-10,applprev_1_max_credtype_587L,0.02200549598120309
0,2019-06,2019-10,applprev_1_min_credtype_587L,0.008616730502002247
0,2019-06,2019-10,applprev_1_max_familystate_726L,0.010740904171319284
0,2019-06,2019-10,applprev_1_min_familystate_726L,0.007383904001130663
0,2019-06,2019-10,applprev_1_max_inittransactioncode_279L,0.014020972488490418
0,2019-06,2019-10,applprev_1_min_inittransactioncode_279L,0.01159145774300341
0,2019-06,2019-10,applprev_1_max_isbidproduct_390L,0.00880393782102172
0,2019-06,2019-10,applprev_1_max_isdebitcard_527L,0.022005495981203067
0,2019-06,2019-10,applprev_1_min_isdebitcard_527L,0.02200549598120307
0,2019-06,2019-10,applprev_1_max_status_219L,0.013892288698995357
0,2019-06,2019-10,applprev_1_min_status_219L,0.014923787308558388
0,2019-06,2019-10,applprev_1_last_education_1138M,0.00960940362077326
0,2019-06,2019-10,applprev_1_first_education_1138M,0.025271760536394208
0,2019-06,2019-10,applprev_1_last_postype_4733339M,0.00880393782102172
0,2019-06,2019-10,applprev_1_first_postype_4733339M,0.00880393782102172
0,2019-06,2019-10,applprev_1_last_rejectreason_755M,0.027188673987996802
0,2019-06,2019-10,applprev_1_first_rejectreason_755M,0.06849220562224782
0,2019-06,2019-10,applprev_1_last_rejectreasonclient_4145042M,0.0251025909471265
0,2019-06,2019-10,applprev_1_first_rejectreasonclient_4145042M,0.06093970044425636
0,2019-06,2019-10,credit_a_1_last_classificationofcontr_13M,0.12924954024468377
0,2019-06,2019-10,credit_a_1_first_classificationofcontr_13M,0.12945386917639706
0,2019-06,2019-10,credit_a_1_last_classificationofcontr_400M,0.12924954024468374
0,2019-06,2019-10,credit_a_1_last_contractst_545M,0.12924954024468377
0,2019-06,2019-10,credit_a_1_first_contractst_545M,0.12924954024468377
0,2019-06,2019-10,credit_a_1_last_contractst_964M,0.12924954024468377
0,2019-06,2019-10,credit_a_1_last_description_351M,0.13004024813550988
0,2019-06,2019-10,credit_a_1_first_description_351M,0.12924954024468377
0,2019-06,2019-10,credit_a_1_last_financialinstitution_591M,0.12924954024468377
0,2019-06,2019-10,credit_a_1_last_purposeofcred_426M,0.12924954024468377
0,2019-06,2019-10,credit_a_1_first_purposeofcred_426M,0.12924954024468374
0,2019-06,2019-10,credit_a_1_last_purposeofcred_874M,0.1292495402446838
0,2019-06,2019-10,credit_a_1_first_purposeofcred_874M,0.5145311815166587
0,2019-06,2019-10,credit_a_1_first_subjectrole_182M,0.12924954024468377
0,2019-06,2019-10,credit_a_1_first_subjectrole_93M,0.1292495402446838
0,2019-06,2019-10,person_1_max_contaddr_smempladdr_334L,0.0009182068042307307
0,2019-06,2019-10,person_1_min_contaddr_smempladdr_334L,0.0009182068042307307
0,2019-06,2019-10,person_1_max_empl_employedtotal_800L,0.01389932792440966
0,2019-06,2019-10,person_1_min_empl_employedtotal_800L,0.01389932792440966
0,2019-06,2019-10,person_1_max_empl_industry_691L,0.01411629153508945
0,2019-06,2019-10,person_1_min_empl_industry_691L,0.01411629153508945
0,2019-06,2019-10,person_1_max_familystate_447L,0.01858781382842346
0,2019-06,2019-10,person_1_min_familystate_447L,0.01858781382842346
0,2019-06,2019-10,person_1_max_housetype_905L,0.0
0,2019-06,2019-10,person_1_min_housetype_905L,0.0
0,2019-06,2019-10,person_1_max_incometype_1044T,0.018545576222607434
0,2019-06,2019-10,person_1_min_incometype_1044T,0.018545576222607434
0,2019-06,2019-10,person_1_max_relationshiptoclient_415T,0.01034230218889417
0,2019-06,2019-10,person_1_min_relationshiptoclient_415T,0.011898898329867775
0,2019-06,2019-10,person_1_max_relationshiptoclient_642T,0.01034230218889417
0,2019-06,2019-10,person_1_min_relationshiptoclient_642T,0.011898898329867775
0,2019-06,2019-10,person_1_max_role_1084L,0.018960475909309014
0,2019-06,2019-10,person_1_max_type_25L,0.0002849403146955898
0,2019-06,2019-10,person_1_min_type_25L,0.010687356291200434
0,2019-06,2019-10,person_1_last_education_927M,0.0008377639466225
0,2019-06,2019-10,person_1_first_education_927M,0.014448048301478163
0,2019-06,2019-10,person_1_last_empladdr_district_926M,2.0883567102626892e-05
0,2019-06,2019-10,person_1_last_empladdr_zipcode_114M,2.4859172786152777e-05
0,2019-06,2019-10,person_1_last_language1_981M,0.008582952450922957
0,2019-06,2019-10,person_1_first_language1_981M,0.016241152351498065
0,2019-06,2019-10,credit_a_2_last_collater_typofvalofguarant_298M,0.12983952194264275
0,2019-06,2019-10,credit_a_2_first_collater_typofvalofguarant_298M,0.12996096876712201
0,2019-06,2019-10,credit_a_2_last_collater_typofvalofguarant_407M,0.12983952194264278
0,2019-06,2019-10,credit_a_2_first_collater_typofvalofguarant_407M,0.5047770095394711
0,2019-06,2019-10,credit_a_2_last_collaterals_typeofguarante_359M,0.12983952194264278
0,2019-06,2019-10,credit_a_2_first_collaterals_typeofguarante_359M,0.5047770095394712
0,2019-06,2019-10,credit_a_2_last_collaterals_typeofguarante_669M,0.12983952194264275
0,2019-06,2019-10,credit_a_2_first_collaterals_typeofguarante_669M,0.12983952194264275
0,2019-06,2019-10,credit_a_2_last_subjectroles_name_541M,0.12983952194264278
0,2019-06,2019-10,credit_a_2_first_subjectroles_name_541M,0.5079966263857698
0,2019-06,2019-10,credit_a_2_first_subjectroles_name_838M,0.13054035463478994
1,2019-09,2020-01,cardtype_51L,0.03645781593707781
1,2019-09,2020-01,credtype_322L,0.0409445181465228
1,2019-09,2020-01,disbursementtype_67L,0.04738856409467166
1,2019-09,2020-01,equalitydataagreement_891L,0.0008769605422127499
1,2019-09,2020-01,inittransactioncode_186L,0.047333535070618896
1,2019-09,2020-01,lastapprcommoditycat_1041M,0.016393231753051574
1,2019-09,2020-01,lastrejectcommoditycat_161M,0.0017427181142627207
1,2019-09,2020-01,lastrejectreason_759M,0.03748747217580735
1,2019-09,2020-01,lastrejectreasonclient_4145040M,0.013547452143875184
1,2019-09,2020-01,lastst_736L,0.014895990140091452
1,2019-09,2020-01,opencred_647L,0.007551067765205406
1,2019-09,2020-01,twobodfilling_608L,0.0030545366712378358
1,2019-09,2020-01,description_5085714M,0.0016482581029370106
1,2019-09,2020-01,education_1103M,0.012800465063512482
1,2019-09,2020-01,education_88M,0.0018576411545031882
1,2019-09,2020-01,maritalst_385M,0.029971430789401406
1,2019-09,2020-01,maritalst_893M,0.0015260226644322654
1,2019-09,2020-01,requesttype_4525192L,0.6509953149069725
1,2019-09,2020-01,applprev_1_max_credacc_status_367L,0.029340721590961023
1,2019-09,2020-01,applprev_1_min_credacc_status_367L,0.029429046115569797
1,2019-09,2020-01,applprev_1_max_credtype_587L,0.0358285170833333
1,2019-09,2020-01,applprev_1_min_credtype_587L,0.014463996008011114
1,2019-09,2020-01,applprev_1_max_familystate_726L,0.008962534219159593
1,2019-09,2020-01,applprev_1_min_familystate_726L,0.006519231190361166
1,2019-09,2020-01,applprev_1_max_inittransactioncode_279L,0.01733654852299774
1,2019-09,2020-01,applprev_1_min_inittransactioncode_279L,0.014490852590806158
1,2019-09,2020-01,applprev_1_max_isbidproduct_390L,0.012160933522609038
1,2019-09,2020-01,applprev_1_max_isdebitcard_527L,0.03582500732620849
1,2019-09,2020-01,applprev_1_min_isdebitcard_527L,0.03582500732620849
1,2019-09,2020-01,applprev_1_max_status_219L,0.012454749609119072
1,2019-09,2020-01,applprev_1_min_status_219L,0.008495733229255481
1,2019-09,2020-01,applprev_1_last_education_1138M,0.01422438991918868
1,2019-09,2020-01,applprev_1_first_education_1138M,0.016255339438745287
1,2019-09,2020-01,applprev_1_last_postype_4733339M,0.23282324863119475
1,2019-09,2020-01,applprev_1_first_postype_4733339M,0.23293205110206378
1,2019-09,2020-01,applprev_1_last_rejectreason_755M,0.007735229664517167
1,2019-09,2020-01,applprev_1_first_rejectreason_755M,0.03590126414078327
1,2019-09,2020-01,applprev_1_last_rejectreasonclient_4145042M,0.007075586497245649
1,2019-09,2020-01,applprev_1_first_rejectreasonclient_4145042M,0.007914242705097971
1,2019-09,2020-01,credit_a_1_last_classificationofcontr_13M,0.034528102880685044
1,2019-09,2020-01,credit_a_1_first_classificationofcontr_13M,0.03472808686831316
1,2019-09,2020-01,credit_a_1_last_classificationofcontr_400M,0.03452810288068502
1,2019-09,2020-01,credit_a_1_last_contractst_545M,0.034528102880685044
1,2019-09,2020-01,credit_a_1_first_contractst_545M,0.03452810288068501
1,2019-09,2020-01,credit_a_1_last_contractst_964M,0.03452810288068506
1,2019-09,2020-01,credit_a_1_last_description_351M,0.035043147250572323
1,2019-09,2020-01,credit_a_1_first_description_351M,0.039917696407383615
1,2019-09,2020-01,credit_a_1_last_financialinstitution_591M,0.03452874375839983
1,2019-09,2020-01,credit_a_1_last_purposeofcred_426M,0.03452874375839983
1,2019-09,2020-01,credit_a_1_first_purposeofcred_426M,0.03452810288068504
1,2019-09,2020-01,credit_a_1_last_purposeofcred_874M,0.034528102880684995
1,2019-09,2020-01,credit_a_1_first_purposeofcred_874M,0.22541442704939973
1,2019-09,2020-01,credit_a_1_first_subjectrole_182M,0.03459988358841558
1,2019-09,2020-01,credit_a_1_first_subjectrole_93M,0.038196277436336516
1,2019-09,2020-01,person_1_max_contaddr_smempladdr_334L,0.0008895691225623335
1,2019-09,2020-01,person_1_min_contaddr_smempladdr_334L,0.0008895691225623335
1,2019-09,2020-01,person_1_max_empl_employedtotal_800L,0.017334661376819827
1,2019-09,2020-01,person_1_min_empl_employedtotal_800L,0.017334661376819827
1,2019-09,2020-01,person_1_max_empl_industry_691L,0.017354703908490945
1,2019-09,2020-01,person_1_min_empl_industry_691L,0.017354703908490945
1,2019-09,2020-01,person_1_max_familystate_447L,0.013992692354308783
1,2019-09,2020-01,person_1_min_familystate_447L,0.013992692354308783
1,2019-09,2020-01,person_1_max_housetype_905L,0.0
1,2019-09,2020-01,person_1_min_housetype_905L,0.0
1,2019-09,2020-01,person_1_max_incometype_1044T,0.02415686503397825
1,2019-09,2020-01,person_1_min_incometype_1044T,0.02415686503397825
1,2019-09,2020-01,person_1_max_relationshiptoclient_415T,0.01879211426300194
1,2019-09,2020-01,person_1_min_relationshiptoclient_415T,0.023497663006409885
1,2019-09,2020-01,person_1_max_relationshiptoclient_642T,0.01879211426300194
1,2019-09,2020-01,person_1_min_relationshiptoclient_642T,0.023497663006409885
1,2019-09,2020-01,person_1_max_role_1084L,0.026246553334942982
1,2019-09,2020-01,person_1_max_type_25L,0.0005978667394148482
1,2019-09,2020-01,person_1_min_type_25L,0.014459298063923598
1,2019-09,2020-01,person_1_last_education_927M,0.0016752113425556351
1,2019-09,2020-01,person_1_first_education_927M,0.009649257962491933
1,2019-09,2020-01,person_1_last_empladdr_district_926M,1.0529271374402285e-05
1,2019-09,2020-01,person_1_last_empladdr_zipcode_114M,1.0529271374402285e-05
1,2019-09,2020-01,person_1_last_language1_981M,0.0035834957195647055
1,2019-09,2020-01,person_1_first_language1_981M,0.008254264905056635
1,2019-09,2020-01,credit_a_2_last_collater_typofvalofguarant_298M,0.03494438387642838
1,2019-09,2020-01,credit_a_2_first_collater_typofvalofguarant_298M,0.03498958082562773
1,2019-09,2020-01,credit_a_2_last_collater_typofvalofguarant_407M,0.03494887002043192
1,2019-09,2020-01,credit_a_2_first_collater_typofvalofguarant_407M,0.22016156757214203
1,2019-09,2020-01,credit_a_2_last_collaterals_typeofguarante_359M,0.03494887002043192
1,2019-09,2020-01,credit_a_2_first_collaterals_typeofguarante_359M,0.22016156757214198
1,2019-09,2020-01,credit_a_2_last_collaterals_typeofguarante_669M,0.03494917538898277
1,2019-09,2020-01,credit_a_2_first_collaterals_typeofguarante_669M,0.03494438387642841
1,2019-09,2020-01,credit_a_2_last_subjectroles_name_541M,0.034948229142717134
1,2019-09,2020-01,credit_a_2_first_subjectroles_name_541M,0.22172157884012209
1,2019-09,2020-01,credit_a_2_first_subjectroles_name_838M,0.034944383876428384
2,2019-12,2020-04,cardtype_51L,0.029124836008361302
2,2019-12,2020-04,credtype_322L,0.0348703929101068
2,2019-12,2020-04,disbursementtype_67L,0.00948620490056723
2,2019-12,2020-04,equalitydataagreement_891L,0.00032477549103229124
2,2019-12,2020-04,inittransactioncode_186L,0.009314944310325503
2,2019-12,2020-04,lastapprcommoditycat_1041M,0.04930166059882643
2,2019-12,2020-04,lastrejectcommoditycat_161M,0.007366218274602691
2,2019-12,2020-04,lastrejectreason_759M,0.04925686892303191
2,2019-12,2020-04,lastrejectreasonclient_4145040M,0.03926951196023172
2,2019-12,2020-04,lastst_736L,0.03310466198134047
2,2019-12,2020-04,opencred_647L,0.02377497728186734
2,2019-12,2020-04,twobodfilling_608L,0.00642777160858287
2,2019-12,2020-04,description_5085714M,0.0004842741023487787
2,2019-12,2020-04,education_1103M,0.019815126824939095
2,2019-12,2020-04,education_88M,0.0025392710734920432
2,2019-12,2020-04,maritalst_385M,0.03301338689083799
2,2019-12,2020-04,maritalst_893M,0.0038361606132902588
2,2019-12,2020-04,requesttype_4525192L,0.2877273457377437
2,2019-12,2020-04,applprev_1_max_credacc_status_367L,0.03490771295755526
2,2019-12,2020-04,applprev_1_min_credacc_status_367L,0.03526444730995829
2,2019-12,2020-04,applprev_1_max_credtype_587L,0.04183677741987728
2,2019-12,2020-04,applprev_1_min_credtype_587L,0.028523174782709913
2,2019-12,2020-04,applprev_1_max_familystate_726L,0.020304785999767583
2,2019-12,2020-04,applprev_1_min_familystate_726L,0.020636036469757577
2,2019-12,2020-04,applprev_1_max_inittransactioncode_279L,0.02946716943505162
2,2019-12,2020-04,applprev_1_min_inittransactioncode_279L,0.034354254967542575
2,2019-12,2020-04,applprev_1_max_isbidproduct_390L,0.02377497728186731
2,2019-12,2020-04,applprev_1_max_isdebitcard_527L,0.04183562310116603
2,2019-12,2020-04,applprev_1_min_isdebitcard_527L,0.04183562310116602
2,2019-12,2020-04,applprev_1_max_status_219L,0.026353804522830926
2,2019-12,2020-04,applprev_1_min_status_219L,0.03407826704696062
2,2019-12,2020-04,applprev_1_last_education_1138M,0.0237749772818673
2,2019-12,2020-04,applprev_1_first_education_1138M,0.03967870738283259
2,2019-12,2020-04,applprev_1_last_postype_4733339M,0.4470387352460981
2,2019-12,2020-04,applprev_1_first_postype_4733339M,0.4470883349065327
2,2019-12,2020-04,applprev_1_last_rejectreason_755M,0.023774977281867272
2,2019-12,2020-04,applprev_1_first_rejectreason_755M,0.03831576703123657
2,2019-12,2020-04,applprev_1_last_rejectreasonclient_4145042M,0.023774977281867306
2,2019-12,2020-04,applprev_1_first_rejectreasonclient_4145042M,0.02377497728186728
2,2019-12,2020-04,credit_a_1_last_classificationofcontr_13M,0.009551407625906961
2,2019-12,2020-04,credit_a_1_first_classificationofcontr_13M,0.016359360545663615
2,2019-12,2020-04,credit_a_1_last_classificationofcontr_400M,0.009545660061784592
2,2019-12,2020-04,credit_a_1_last_contractst_545M,0.009551407625906961
2,2019-12,2020-04,credit_a_1_first_contractst_545M,0.016028094199083177
2,2019-12,2020-04,credit_a_1_last_contractst_964M,0.009545660061784596
2,2019-12,2020-04,credit_a_1_last_description_351M,0.00966412235923354
2,2019-12,2020-04,credit_a_1_first_description_351M,0.01116255339051349
2,2019-12,2020-04,credit_a_1_last_financialinstitution_591M,0.00955485856732374
2,2019-12,2020-04,credit_a_1_last_purposeofcred_426M,0.00955485856732374
2,2019-12,2020-04,credit_a_1_first_purposeofcred_426M,0.016351620350248924
2,2019-12,2020-04,credit_a_1_last_purposeofcred_874M,0.009545660061784554
2,2019-12,2020-04,credit_a_1_first_purposeofcred_874M,0.03058185169005621
2,2019-12,2020-04,credit_a_1_first_subjectrole_182M,0.01674054074706586
2,2019-12,2020-04,credit_a_1_first_subjectrole_93M,0.026550142878977383
2,2019-12,2020-04,person_1_max_contaddr_smempladdr_334L,0.0003598434465124133
2,2019-12,2020-04,person_1_min_contaddr_smempladdr_334L,0.0003598434465124133
2,2019-12,2020-04,person_1_max_empl_employedtotal_800L,0.014053303617299267
2,2019-12,2020-04,person_1_min_empl_employedtotal_800L,0.014053303617299267
2,2019-12,2020-04,person_1_max_empl_industry_691L,0.014403509925744164
2,2019-12,2020-04,person_1_min_empl_industry_691L,0.014403509925744164
2,2019-12,2020-04,person_1_max_familystate_447L,0.011601893118463689
2,2019-12,2020-04,person_1_min_familystate_447L,0.011601893118463689
2,2019-12,2020-04,person_1_max_housetype_905L,0.0
2,2019-12,2020-04,person_1_min_housetype_905L,0.0
2,2019-12,2020-04,person_1_max_incometype_1044T,0.006979335802654418
2,2019-12,2020-04,person_1_min_incometype_1044T,0.006979335802654418
2,2019-12,2020-04,person_1_max_relationshiptoclient_415T,0.018029834125021967
2,2019-12,2020-04,person_1_min_relationshiptoclient_415T,0.01801426805781713
2,2019-12,2020-04,person_1_max_relationshiptoclient_642T,0.018029834125021967
2,2019-12,2020-04,person_1_min_relationshiptoclient_642T,0.01801426805781713
2,2019-12,2020-04,person_1_max_role_1084L,0.017413124609259006
2,2019-12,2020-04,person_1_max_type_25L,0.0006071401273500892
2,2019-12,2020-04,person_1_min_type_25L,0.019216521294654565
2,2019-12,2020-04,person_1_last_education_927M,0.0015370887172301076
2,2019-12,2020-04,person_1_first_education_927M,0.013581424793427211
2,2019-12,2020-04,person_1_last_empladdr_district_926M,1.7242692367060245e-05
2,2019-12,2020-04,person_1_last_empladdr_zipcode_114M,1.7242692367060245e-05
2,2019-12,2020-04,person_1_last_language1_981M,0.01563315600236455
2,2019-12,2020-04,person_1_first_language1_981M,0.007371732886710552
2,2019-12,2020-04,credit_a_2_last_collater_typofvalofguarant_298M,0.00966266767259525
2,2019-12,2020-04,credit_a_2_first_collater_typofvalofguarant_298M,0.016348261903082615
2,2019-12,2020-04,credit_a_2_last_collater_typofvalofguarant_407M,0.00966726091800628
2,2019-12,2020-04,credit_a_2_first_collater_typofvalofguarant_407M,0.02925388870678774
2,2019-12,2020-04,credit_a_2_last_collaterals_typeofguarante_359M,0.00966726091800628
2,2019-12,2020-04,credit_a_2_first_collaterals_typeofguarante_359M,0.029253888706787728
2,2019-12,2020-04,credit_a_2_last_collaterals_typeofguarante_669M,0.00966266767259525
2,2019-12,2020-04,credit_a_2_first_collaterals_typeofguarante_669M,0.01628173193292509
2,2019-12,2020-04,credit_a_2_last_subjectroles_name_541M,0.009669569555428864
2,2019-12,2020-04,credit_a_2_first_subjectroles_name_541M,0.029443807008397462
2,2019-12,2020-04,credit_a_2_first_subjectroles_name_838M,0.015794242415756193
3,2020-03,2020-07,cardtype_51L,0.03865405812758726
3,2020-03,2020-07,credtype_322L,0.08166749210696532
3,2020-03,2020-07,disbursementtype_67L,0.08495661987934244
3,2020-03,2020-07,equalitydataagreement_891L,0.0006443838454098893
3,2020-03,2020-07,inittransactioncode_186L,0.08506257681643976
3,2020-03,2020-07,lastapprcommoditycat_1041M,0.09077597275228592
3,2020-03,2020-07,lastrejectcommoditycat_161M,0.02470611216603545
3,2020-03,2020-07,lastrejectreason_759M,0.06944186368722971
3,2020-03,2020-07,lastrejectreasonclient_4145040M,0.06766570213966017
3,2020-03,2020-07,lastst_736L,0.05174065881502104
3,2020-03,2020-07,opencred_647L,0.0502163401896491
3,2020-03,2020-07,twobodfilling_608L,0.012521115661260759
3,2020-03,2020-07,description_5085714M,0.2720363137337697
3,2020-03,2020-07,education_1103M,0.04254852970799019
3,2020-03,2020-07,education_88M,0.003102479612844611
3,2020-03,2020-07,maritalst_385M,0.06116552348509706
3,2020-03,2020-07,maritalst_893M,0.0048034817536499845
3,2020-03,2020-07,requesttype_4525192L,0.42887680776945003
3,2020-03,2020-07,applprev_1_max_credacc_status_367L,0.039999515397784506
3,2020-03,2020-07,applprev_1_min_credacc_status_367L,0.04176962296178652
3,2020-03,2020-07,applprev_1_max_credtype_587L,0.052002488570628204
3,2020-03,2020-07,applprev_1_min_credtype_587L,0.10035971206422463
3,2020-03,2020-07,applprev_1_max_familystate_726L,0.05226695125229991
3,2020-03,2020-07,applprev_1_min_familystate_726L,0.054972888264135975
3,2020-03,2020-07,applprev_1_max_inittransactioncode_279L,0.050624248854084467
3,2020-03,2020-07,applprev_1_min_inittransactioncode_279L,0.10148832203684369
3,2020-03,2020-07,applprev_1_max_isbidproduct_390L,0.05021634018964914
3,2020-03,2020-07,applprev_1_max_isdebitcard_527L,0.046397208509615234
3,2020-03,2020-07,applprev_1_min_isdebitcard_527L,0.04220001617789759
3,2020-03,2020-07,applprev_1_max_status_219L,0.06587225275640518
3,2020-03,2020-07,applprev_1_min_status_219L,0.06155125146813777
3,2020-03,2020-07,applprev_1_last_education_1138M,0.05968681837763755
3,2020-03,2020-07,applprev_1_first_education_1138M,0.07843692418520774
3,2020-03,2020-07,applprev_1_last_postype_4733339M,0.388878152515635
3,2020-03,2020-07,applprev_1_first_postype_4733339M,0.3887721955785377
3,2020-03,2020-07,applprev_1_last_rejectreason_755M,0.05021634018964913
3,2020-03,2020-07,applprev_1_first_rejectreason_755M,0.05795446428191955
3,2020-03,2020-07,applprev_1_last_rejectreasonclient_4145042M,0.05021634018964907
3,2020-03,2020-07,applprev_1_first_rejectreasonclient_4145042M,0.0502163401896491
3,2020-03,2020-07,credit_a_1_last_classificationofcontr_13M,0.01179303702368203
3,2020-03,2020-07,credit_a_1_first_classificationofcontr_13M,0.015639013146733827
3,2020-03,2020-07,credit_a_1_last_classificationofcontr_400M,0.011785251862976829
3,2020-03,2020-07,credit_a_1_last_contractst_545M,0.01178525186297685
3,2020-03,2020-07,credit_a_1_first_contractst_545M,0.01581516668692076
3,2020-03,2020-07,credit_a_1_last_contractst_964M,0.011785251862976824
3,2020-03,2020-07,credit_a_1_last_description_351M,0.011811488154519907
3,2020-03,2020-07,credit_a_1_first_description_351M,0.011785251862976812
3,2020-03,2020-07,credit_a_1_last_financialinstitution_591M,0.01179692960403457
3,2020-03,2020-07,credit_a_1_last_purposeofcred_426M,0.01179692960403457
3,2020-03,2020-07,credit_a_1_first_purposeofcred_426M,0.03899671727517922
3,2020-03,2020-07,credit_a_1_last_purposeofcred_874M,0.011785251862976812
3,2020-03,2020-07,credit_a_1_first_purposeofcred_874M,0.05464120964069974
3,2020-03,2020-07,credit_a_1_first_subjectrole_182M,0.012114905403638548
3,2020-03,2020-07,credit_a_1_first_subjectrole_93M,0.05457177404878007
3,2020-03,2020-07,person_1_max_contaddr_smempladdr_334L,0.0019503327399504888
3,2020-03,2020-07,person_1_min_contaddr_smempladdr_334L,0.0019503327399504888
3,2020-03,2020-07,person_1_max_empl_employedtotal_800L,0.1983466731749723
3,2020-03,2020-07,person_1_min_empl_employedtotal_800L,0.1983466731749723
3,2020-03,2020-07,person_1_max_empl_industry_691L,0.19640418558904815
3,2020-03,2020-07,person_1_min_empl_industry_691L,0.19640418558904815
3,2020-03,2020-07,person_1_max_familystate_447L,0.10182546210707255
3,2020-03,2020-07,person_1_min_familystate_447L,0.10182546210707255
3,2020-03,2020-07,person_1_max_housetype_905L,0.14924874203877692
3,2020-03,2020-07,person_1_min_housetype_905L,0.14924874203877692
3,2020-03,2020-07,person_1_max_incometype_1044T,0.09517795701133125
3,2020-03,2020-07,person_1_min_incometype_1044T,0.09517795701133125
3,2020-03,2020-07,person_1_max_relationshiptoclient_415T,0.040344209900979956
3,2020-03,2020-07,person_1_min_relationshiptoclient_415T,0.03592698251012698
3,2020-03,2020-07,person_1_max_relationshiptoclient_642T,0.040344209900979956
3,2020-03,2020-07,person_1_min_relationshiptoclient_642T,0.03592698251012698
3,2020-03,2020-07,person_1_max_role_1084L,0.09128606339735781
3,2020-03,2020-07,person_1_max_type_25L,0.0012954769781471248
3,2020-03,2020-07,person_1_min_type_25L,0.0712183456443347
3,2020-03,2020-07,person_1_last_education_927M,0.016756069782253868
3,2020-03,2020-07,person_1_first_education_927M,0.11468647979135847
3,2020-03,2020-07,person_1_last_empladdr_district_926M,1.8451130837876554e-05
3,2020-03,2020-07,person_1_last_empladdr_zipcode_114M,1.8451130837876554e-05
3,2020-03,2020-07,person_1_last_language1_981M,0.0881754167827553
3,2020-03,2020-07,person_1_first_language1_981M,0.05501282511948888
3,2020-03,2020-07,credit_a_2_last_collater_typofvalofguarant_298M,0.011861712939899504
3,2020-03,2020-07,credit_a_2_first_collater_typofvalofguarant_298M,0.035302525898349396
3,2020-03,2020-07,credit_a_2_last_collater_typofvalofguarant_407M,0.011861712939899509
3,2020-03,2020-07,credit_a_2_first_collater_typofvalofguarant_407M,0.05558842220485675
3,2020-03,2020-07,credit_a_2_last_collaterals_typeofguarante_359M,0.011861712939899509
3,2020-03,2020-07,credit_a_2_first_collaterals_typeofguarante_359M,0.05575764959829683
3,2020-03,2020-07,credit_a_2_last_collaterals_typeofguarante_669M,0.011868486329679616
3,2020-03,2020-07,credit_a_2_first_collaterals_typeofguarante_669M,0.016333638830419425
3,2020-03,2020-07,credit_a_2_last_subjectroles_name_541M,0.01186459374932702
3,2020-03,2020-07,credit_a_2_first_subjectroles_name_541M,0.05555909132631533
3,2020-03,2020-07,credit_a_2_first_subjectroles_name_838M,0.012707271341372468
